"Variables ->","GDP_U","CPI_U","S","RS","GDP_RW","CPI_RW","RS_RW","D4L_CPI_TAR","GDP_RW_BAR","DUMMY","GDP","CPI","L_CPI","L_CPI_RW","L_CPI_U","L_DUMMY","L_GDP","L_GDP_RW","L_GDP_RW_BAR","L_GDP_U","L_S","L_Z","DLA_CPI","DLA_CPI_RW","DLA_CPI_U","DLA_DUMMY","DLA_GDP","DLA_GDP_RW","DLA_GDP_RW_BAR","DLA_GDP_U","DLA_S","DLA_Z","D4L_CPI","D4L_CPI_RW","D4L_CPI_U","D4L_DUMMY","D4L_GDP","D4L_GDP_RW","D4L_GDP_RW_BAR","D4L_GDP_U","D4L_S","D4L_Z","RR","RR_RW","RR_BAR","RR_GAP","L_Z_BAR","L_Z_GAP","RR_RW_BAR","RR_RW_GAP","DLA_Z_BAR","L_GDP_GAP","L_GDP_BAR","DLA_GDP_BAR","L_GDP_RW_GAP"
"Comments ->"
"Class[Size] ->","Series[64-by-1]","Series[64-by-1]","Series[64-by-1]","Series[64-by-1]","Series[64-by-1]","Series[64-by-1]","Series[64-by-1]","Series[64-by-1]","Series[64-by-1]","Series[64-by-1]","Series[64-by-1]","Series[64-by-1]","Series[64-by-1]","Series[64-by-1]","Series[64-by-1]","Series[64-by-1]","Series[64-by-1]","Series[64-by-1]","Series[64-by-1]","Series[64-by-1]","Series[64-by-1]","Series[64-by-1]","Series[64-by-1]","Series[64-by-1]","Series[64-by-1]","Series[64-by-1]","Series[64-by-1]","Series[64-by-1]","Series[64-by-1]","Series[64-by-1]","Series[64-by-1]","Series[64-by-1]","Series[64-by-1]","Series[64-by-1]","Series[64-by-1]","Series[64-by-1]","Series[64-by-1]","Series[64-by-1]","Series[64-by-1]","Series[64-by-1]","Series[64-by-1]","Series[64-by-1]","Series[64-by-1]","Series[64-by-1]","Series[64-by-1]","Series[64-by-1]","Series[64-by-1]","Series[64-by-1]","Series[64-by-1]","Series[64-by-1]","Series[64-by-1]","Series[64-by-1]","Series[64-by-1]","Series[64-by-1]","Series[64-by-1]"
"2010Q1",6.72271000e+05,9.74400000e+01,1.89080000e+04,1.07711364e+01,1.65827100e+04,2.17374000e+02,1.10000000e-01,8.00000000e+00,1.73002922e+04,0.00000000e+00,6.78543757e+05,9.69417498e+01,4.57411028e+02,5.38161937e+02,4.57923680e+02,-Inf,1.34277042e+03,9.71611587e+02,9.75847867e+02,1.34184168e+03,9.84734039e+02,1.06548495e+03,NaN,NaN,NaN,NaN,NaN,NaN,NaN,NaN,NaN,NaN,NaN,NaN,NaN,NaN,NaN,NaN,NaN,NaN,NaN,NaN,NaN,NaN,NaN,NaN,1.06367506e+03,1.80988399e+00,NaN,NaN,NaN,1.89630831e-01,1.34068502e+03,NaN,-4.14780365e+00
"2010Q2",6.67254000e+05,9.89500000e+01,1.89620000e+04,9.95245902e+00,1.67431620e+04,2.17297000e+02,1.50000000e-01,8.00000000e+00,1.73621722e+04,0.00000000e+00,6.81579087e+05,9.87431433e+01,4.59252197e+02,5.38126508e+02,4.59461467e+02,-Inf,1.34321676e+03,9.72574522e+02,9.76204911e+02,1.34109261e+03,9.85019226e+02,1.06389354e+03,7.36467417e+00,-1.41716380e-01,6.15114723e+00,NaN,1.78533021e+00,3.85173993e+00,1.42817533e+00,-2.99630001e+00,1.14074543e+00,-6.36564513e+00,NaN,NaN,NaN,NaN,NaN,NaN,NaN,NaN,NaN,NaN,NaN,NaN,NaN,NaN,1.06253436e+03,1.35917322e+00,NaN,NaN,-4.56280202e+00,-2.64096847e-01,1.34199115e+03,5.22452788e+00,-3.56528074e+00
"2010Q3",6.96133000e+05,9.98300000e+01,1.94790000e+04,9.64516129e+00,1.68722660e+04,2.17934000e+02,1.60000000e-01,8.00000000e+00,1.74265059e+04,0.00000000e+00,6.89482011e+05,1.00275476e+02,4.60792115e+02,5.38419226e+02,4.60346874e+02,-Inf,1.34436959e+03,9.73342649e+02,9.76574765e+02,1.34532960e+03,9.87709224e+02,1.06533634e+03,6.15967493e+00,1.17087332e+00,3.54162692e+00,NaN,4.61132541e+00,3.07250908e+00,1.47941841e+00,1.69479804e+01,1.07599943e+01,5.77119266e+00,NaN,NaN,NaN,NaN,NaN,NaN,NaN,NaN,NaN,NaN,NaN,NaN,NaN,NaN,1.06139479e+03,3.94154071e+00,NaN,NaN,-4.55827731e+00,-5.99962588e-01,1.34328708e+03,5.18372154e+00,-3.18044176e+00
"2010Q4",7.04185000e+05,1.03780000e+02,1.94900000e+04,1.20926154e+01,1.69608640e+04,2.19699000e+02,1.40000000e-01,8.00000000e+00,1.74925372e+04,0.00000000e+00,6.89701241e+05,1.04060275e+02,4.64497030e+02,5.39225843e+02,4.64227327e+02,-Inf,1.34440138e+03,9.73866385e+02,9.76952962e+02,1.34647964e+03,9.87765679e+02,1.06249449e+03,1.48196589e+01,3.22646522e+00,1.55218138e+01,NaN,1.27165304e-01,2.09494546e+00,1.51278828e+00,4.60014868e+00,2.25820530e-01,-1.13673732e+01,NaN,NaN,NaN,NaN,NaN,NaN,NaN,NaN,NaN,NaN,NaN,NaN,NaN,NaN,1.06025834e+03,2.23615490e+00,NaN,NaN,-4.54582996e+00,-5.41862843e-01,1.34457709e+03,5.16002224e+00,-3.03942867e+00
"2011Q1",7.12371000e+05,1.09910000e+02,2.08560000e+04,1.33432759e+01,1.69206320e+04,2.22044000e+02,1.30000000e-01,8.00000000e+00,1.75604955e+04,0.00000000e+00,7.19477554e+05,1.09340441e+02,4.69446633e+02,5.40287556e+02,4.69966185e+02,-Inf,1.34862806e+03,9.73628898e+02,9.77340708e+02,1.34763541e+03,9.94539696e+02,1.06538062e+03,1.97984105e+01,4.24685309e+00,2.29554301e+01,NaN,1.69067233e+01,-9.49946694e-01,1.55098466e+00,4.62309496e+00,2.70960652e+01,1.15445078e+01,1.20356046e+01,2.12561881e+00,1.20425045e+01,NaN,5.85763605e+00,2.01731194e+00,1.49284167e+00,5.79373101e+00,9.80565637e+00,-1.04329453e-01,1.30767123e+00,-1.99561881e+00,-2.15376495e+00,3.46143618e+00,1.05912944e+03,6.25118339e+00,-2.82448767e+00,8.28868854e-01,-4.51560611e+00,-9.00604782e-02,1.34586582e+03,5.15493066e+00,-3.64376677e+00
"2011Q2",7.08906000e+05,1.18120000e+02,2.05750000e+04,1.35298361e+01,1.70351140e+04,2.24568000e+02,5.00000000e-02,8.00000000e+00,1.76304571e+04,0.00000000e+00,7.24137417e+05,1.17938402e+02,4.77016247e+02,5.41417856e+02,4.77170106e+02,-Inf,1.34927365e+03,9.74303202e+02,9.77738320e+02,1.34714782e+03,9.93183203e+02,1.05758481e+03,3.02784564e+01,4.52119848e+00,2.88156831e+01,NaN,2.58233961e+00,2.69721499e+00,1.59044679e+00,-1.95036259e+00,-5.42597203e+00,-3.11832300e+01,1.77640502e+01,3.29134753e+00,1.77086385e+01,NaN,6.05688840e+00,1.72868071e+00,1.53340954e+00,6.05521536e+00,8.16397701e+00,-6.30872567e+00,-4.23421413e+00,-3.24134753e+00,-1.87644400e+00,-2.35777013e+00,1.05801393e+03,-4.29120260e-01,-2.68872950e+00,-5.52618028e-01,-4.46201538e+00,4.66322716e-01,1.34715819e+03,5.16945325e+00,-3.37678755e+00
"2011Q3",7.40465000e+05,1.22320000e+02,2.08250000e+04,1.38560317e+01,1.70313130e+04,2.26033000e+02,2.00000000e-02,8.00000000e+00,1.77025719e+04,0.00000000e+00,7.33128668e+05,1.22828297e+02,4.81078742e+02,5.42068101e+02,4.80664056e+02,-Inf,1.35050765e+03,9.74280887e+02,9.78146521e+02,1.35150336e+03,9.94390947e+02,1.05538031e+03,1.62499802e+01,2.60097987e+00,1.39758019e+01,NaN,4.93601795e+00,-8.92609023e-02,1.63280381e+00,1.74221722e+01,4.83097660e+00,-8.81802369e+00,2.02866265e+01,3.64887417e+00,2.03171822e+01,NaN,6.13806153e+00,9.38238212e-01,1.57175589e+00,6.17376332e+00,6.68172259e+00,-9.95602975e+00,-6.43059476e+00,-3.62887417e+00,-1.59695965e+00,-4.83363510e+00,1.05692157e+03,-1.54126873e+00,-2.55245329e+00,-1.07642088e+00,-4.36942981e+00,7.77542411e-01,1.34845920e+03,5.20405468e+00,-3.79187197e+00
"2011Q4",7.53813000e+05,1.24350000e+02,2.10120000e+04,1.33801538e+01,1.72225830e+04,2.27047000e+02,1.00000000e-02,8.00000000e+00,1.77762884e+04,0.00000000e+00,7.37729477e+05,1.24622684e+02,4.82529065e+02,5.42515704e+02,4.82310017e+02,-Inf,1.35113325e+03,9.75397677e+02,9.78562074e+02,1.35328996e+03,9.95284898e+02,1.05527154e+03,5.80129084e+00,1.79041528e+00,6.58384345e+00,NaN,2.50238892e+00,4.46715872e+00,1.66220979e+00,7.14638376e+00,3.57580602e+00,-4.35069549e-01,1.80320345e+01,3.28986168e+00,1.80826896e+01,NaN,6.73186744e+00,1.53129153e+00,1.60911126e+00,6.81032209e+00,7.51921896e+00,-7.22295384e+00,-4.65188063e+00,-3.27986168e+00,-1.31462212e+00,-3.33725851e+00,1.05586184e+03,-5.90305569e-01,-2.41548638e+00,-8.64375298e-01,-4.23892220e+00,7.09857572e-01,1.34977386e+03,5.25862590e+00,-3.11485378e+00
"2012Q1",7.47557000e+05,1.27420000e+02,2.08280000e+04,1.29501667e+01,1.73670100e+04,2.28326000e+02,7.00000000e-02,1.00000000e+01,1.78515486e+04,0.00000000e+00,7.56115067e+05,1.26784987e+02,4.84249264e+02,5.43077443e+02,4.84748872e+02,-Inf,1.35359488e+03,9.76232771e+02,9.78984554e+02,1.35245658e+03,9.94405351e+02,1.05323353e+03,6.88079625e+00,2.24695511e+00,9.75541858e+00,NaN,9.84654999e+00,3.34037673e+00,1.68992155e+00,-3.33350804e+00,-3.51818712e+00,-8.15202826e+00,1.48026309e+01,2.78988719e+00,1.47826868e+01,NaN,4.96682412e+00,2.60387238e+00,1.64384549e+00,4.82117134e+00,-1.34344133e-01,-1.21470879e+01,-1.85246425e+00,-2.71988719e+00,-1.03176262e+00,-8.20701631e-01,1.05484326e+03,-1.60972620e+00,-2.27832888e+00,-4.41558307e-01,-4.07434572e+00,4.30631964e-01,1.35110697e+03,5.33246916e+00,-2.71426643e+00
"2012Q2",7.48338000e+05,1.28240000e+02,2.09010000e+04,9.97306452e+00,1.74445250e+04,2.28808000e+02,9.00000000e-02,1.00000000e+01,1.79288843e+04,0.00000000e+00,7.64563183e+05,1.28170495e+02,4.85336137e+02,5.43288322e+02,4.85390351e+02,-Inf,1.35470599e+03,9.76678112e+02,9.79416834e+02,1.35256100e+03,9.94755228e+02,1.05270741e+03,4.34749373e+00,8.43516656e-01,2.56591665e+00,NaN,4.44443961e+00,1.78136651e+00,1.72912006e+00,4.17676412e-01,1.39950777e+00,-2.10446931e+00,8.31989025e+00,1.87046673e+00,8.22024514e+00,NaN,5.43234912e+00,2.37491026e+00,1.67851380e+00,5.41318109e+00,1.57202582e+00,-4.87739770e+00,1.65317427e+00,-1.78046673e+00,-7.52798184e-01,2.40597245e+00,1.05387396e+03,-1.16654949e+00,-2.14202112e+00,3.61554395e-01,-3.87717614e+00,2.32215523e-01,1.35246305e+03,5.42430086e+00,-2.70155851e+00
"2012Q3",7.81177000e+05,1.29210000e+02,2.08160000e+04,9.11365079e+00,1.74696500e+04,2.29841000e+02,1.00000000e-01,1.00000000e+01,1.80077847e+04,0.00000000e+00,7.72924079e+05,1.29654301e+02,4.86487169e+02,5.43738777e+02,4.86143899e+02,-Inf,1.35579361e+03,9.76822037e+02,9.79855943e+02,1.35685570e+03,9.94347720e+02,1.05159933e+03,4.60412581e+00,1.80181663e+00,3.01419177e+00,NaN,4.35046357e+00,5.75697506e-01,1.75643473e+00,1.71788036e+01,-1.63003318e+00,-4.43234235e+00,5.40842666e+00,1.67067592e+00,5.47984261e+00,NaN,5.28596053e+00,2.54114987e+00,1.70942153e+00,5.35233895e+00,-4.32266283e-02,-3.78097737e+00,3.70522414e+00,-1.57067592e+00,-4.82658762e-01,4.18788290e+00,1.05296110e+03,-1.36177564e+00,-2.00787943e+00,4.37203510e-01,-3.65143777e+00,2.60808779e-01,1.35384612e+03,5.53227269e+00,-2.98834476e+00
"2012Q4",7.98971000e+05,1.33010000e+02,2.08110000e+04,8.30030769e+00,1.74898520e+04,2.31369000e+02,9.00000000e-02,1.00000000e+01,1.80880280e+04,0.00000000e+00,7.80315757e+05,1.33196918e+02,4.89182862e+02,5.44401384e+02,4.89042431e+02,-Inf,1.35674539e+03,9.76937611e+02,9.80300556e+02,1.35910799e+03,9.94323697e+02,1.04954222e+03,1.07827737e+01,2.65042925e+00,1.15941303e+01,NaN,3.80713047e+00,4.62294966e-01,1.77845498e+00,9.00915722e+00,-9.60914796e-02,-8.22843593e+00,6.65379737e+00,1.88567941e+00,6.73241431e+00,NaN,5.61214591e+00,1.53993393e+00,1.73848283e+00,5.81803231e+00,-9.61201002e-01,-5.72931896e+00,1.64651032e+00,-1.79567941e+00,-2.24770577e-01,1.87128090e+00,1.05211109e+03,-2.56887288e+00,-1.87699414e+00,8.13147309e-02,-3.40004698e+00,3.99920431e-01,1.35525962e+03,5.65401052e+00,-3.30702733e+00
"2013Q1",7.82562000e+05,1.36230000e+02,2.09290000e+04,6.69392857e+00,1.76624000e+04,2.32299000e+02,9.00000000e-02,7.00000000e+00,1.81701778e+04,0.00000000e+00,7.94008140e+05,1.35628328e+02,4.90991826e+02,5.44802533e+02,4.91434463e+02,-Inf,1.35848490e+03,9.77919337e+02,9.80753694e+02,1.35703284e+03,9.94889104e+02,1.04869981e+03,7.23585806e+00,1.60459854e+00,9.56812817e+00,NaN,6.95802380e+00,3.92690371e+00,1.81255236e+00,-8.30059889e+00,2.26162557e+00,-3.36963394e+00,6.74256282e+00,1.72509027e+00,6.68559171e+00,NaN,4.89001436e+00,1.68656567e+00,1.76914053e+00,4.57625960e+00,4.83752171e-01,-4.53372038e+00,-4.86342522e-02,-1.63509027e+00,2.00575732e-02,-6.86918254e-02,1.05132949e+03,-2.62967931e+00,-1.75018235e+00,1.15092082e-01,-3.12640822e+00,4.09474188e-01,1.35670629e+03,5.78667056e+00,-2.79456683e+00
"2013Q2",7.88644000e+05,1.36640000e+02,2.09840000e+04,5.67500000e+00,1.77096710e+04,2.32045000e+02,5.00000000e-02,7.00000000e+00,1.82535276e+04,0.00000000e+00,8.05874739e+05,1.36688701e+02,4.91770609e+02,5.44693132e+02,4.91734973e+02,-Inf,1.35996836e+03,9.78186615e+02,9.81211363e+02,1.35780703e+03,9.95151552e+02,1.04807408e+03,3.11512865e+00,-4.37606646e-01,1.20203850e+00,NaN,5.93384255e+00,1.06911531e+00,1.83067472e+00,3.09674499e+00,1.04979422e+00,-2.50294108e+00,6.43447155e+00,1.40480944e+00,6.34462217e+00,NaN,5.26236510e+00,1.50850287e+00,1.79452919e+00,5.24602674e+00,3.96323785e-01,-4.63333832e+00,-7.59471554e-01,-1.35480944e+00,2.52186444e-01,-1.01165800e+00,1.05062025e+03,-2.54617866e+00,-1.62821033e+00,2.73400882e-01,-2.83694367e+00,1.79347478e-01,1.35818804e+03,5.92701102e+00,-2.97946004e+00
"2013Q3",8.25747000e+05,1.38280000e+02,2.11520000e+04,5.75861538e+00,1.78604500e+04,2.33300000e+02,3.00000000e-02,7.00000000e+00,1.83375990e+04,0.00000000e+00,8.16384473e+05,1.38677646e+02,4.93215215e+02,5.45232518e+02,4.92928062e+02,-Inf,1.36126407e+03,9.79034405e+02,9.81670882e+02,1.36240437e+03,9.95948974e+02,1.04796628e+03,5.77842444e+00,2.15754426e+00,4.77235401e+00,NaN,5.18283675e+00,3.39115862e+00,1.83807597e+00,1.83893665e+01,3.18968844e+00,-4.31191734e-01,6.72804621e+00,1.49374135e+00,6.78416273e+00,NaN,5.47045839e+00,2.21236815e+00,1.81493950e+00,5.54866745e+00,1.60125419e+00,-3.63305067e+00,-9.69430827e-01,-1.46374135e+00,4.71933858e-01,-1.44136468e+00,1.04998570e+03,-2.01941971e+00,-1.51177240e+00,4.80310528e-02,-2.53822752e+00,-1.50790256e-01,1.35970591e+03,6.07147773e+00,-2.60202549e+00
"2013Q4",8.49918000e+05,1.40880000e+02,2.11100000e+04,5.72030303e+00,1.80161470e+04,2.34163000e+02,6.00000000e-02,7.00000000e+00,1.84229133e+04,0.00000000e+00,8.26982061e+05,1.40935981e+02,4.94830575e+02,5.45601745e+02,4.94790846e+02,-Inf,1.36255383e+03,9.79902369e+02,9.82135046e+02,1.36528952e+03,9.95750214e+02,1.04652138e+03,6.46144163e+00,1.47691001e+00,7.45113965e+00,NaN,5.15903650e+00,3.47185610e+00,1.85665406e+00,1.15405772e+01,-7.95040724e-01,-5.77957235e+00,5.64771320e+00,1.20036154e+00,5.74841508e+00,NaN,5.80843490e+00,2.96475843e+00,1.83448928e+00,6.18152245e+00,1.42651688e+00,-3.02083477e+00,7.25898341e-02,-1.14036154e+00,6.78985350e-01,-6.06395516e-01,1.04942654e+03,-2.90515650e+00,-1.40139205e+00,2.61030503e-01,-2.23662522e+00,-3.22293273e-01,1.36125998e+03,6.21630102e+00,-2.20793684e+00
"2014Q1",8.25907000e+05,1.42800000e+02,2.10920000e+04,5.42862069e+00,1.79539740e+04,2.35621000e+02,5.00000000e-02,5.00000000e+00,1.85094430e+04,0.00000000e+00,8.42161301e+05,1.42268602e+02,4.95771683e+02,5.46222458e+02,4.96144505e+02,-Inf,1.36437268e+03,9.79556676e+02,9.82603631e+02,1.36242375e+03,9.95664910e+02,1.04611568e+03,3.76443280e+00,2.48285115e+00,5.41463429e+00,NaN,7.27542461e+00,-1.38277126e+00,1.87434276e+00,-1.14630791e+01,-3.41216077e-01,-1.62279773e+00,4.77985688e+00,1.41992469e+00,4.71004161e+00,NaN,5.88778510e+00,1.63733969e+00,1.84993688e+00,5.39090239e+00,7.75806466e-01,-2.58412572e+00,6.48763809e-01,-1.36992469e+00,8.72125603e-01,-2.23361795e-01,1.04894224e+03,-2.82655960e+00,-1.29756269e+00,-7.23620014e-02,-1.93718532e+00,-2.11276936e-01,1.36284938e+03,6.35760128e+00,-3.00100333e+00
"2014Q2",8.37448000e+05,1.43090000e+02,2.12430000e+04,4.54311475e+00,1.81859110e+04,2.36872000e+02,3.00000000e-02,5.00000000e+00,1.85970868e+04,0.00000000e+00,8.55941323e+05,1.43267945e+02,4.96471662e+02,5.46751991e+02,4.96347380e+02,-Inf,1.36599571e+03,9.80840245e+02,9.83076023e+02,1.36381145e+03,9.96378271e+02,1.04665860e+03,2.79991428e+00,2.11813157e+00,8.11501205e-01,NaN,6.49210458e+00,5.13427609e+00,1.88956506e+00,5.55079833e+00,2.85344307e+00,2.17166035e+00,4.70105329e+00,2.05885925e+00,4.61240729e+00,NaN,6.02735061e+00,2.65362989e+00,1.86465946e+00,6.00441573e+00,1.22671868e+00,-1.41547536e+00,-1.57938534e-01,-2.02885925e+00,1.04976030e+00,-1.20769884e+00,1.04853045e+03,-1.87185183e+00,-1.20061464e+00,-8.28244604e-01,-1.64717071e+00,4.46035437e-02,1.36447226e+03,6.49150001e+00,-2.21096908e+00
"2014Q3",8.80145000e+05,1.44200000e+02,2.12050000e+04,4.21838710e+00,1.84069410e+04,2.37478000e+02,3.00000000e-02,5.00000000e+00,1.86867863e+04,0.00000000e+00,8.69338696e+05,1.44517164e+02,4.97339828e+02,5.47007499e+02,4.97120122e+02,-Inf,1.36754881e+03,9.82048310e+02,9.83557194e+02,1.36878419e+03,9.96199228e+02,1.04586690e+03,3.47266396e+00,1.02203070e+00,3.09096877e+00,NaN,6.21239074e+00,4.83225933e+00,1.92468508e+00,1.98909978e+01,-7.16170564e-01,-3.16680382e+00,4.12461317e+00,1.77498086e+00,4.19206098e+00,NaN,6.28473911e+00,3.01390506e+00,1.88631174e+00,6.37982354e+00,2.50253926e-01,-2.09937839e+00,9.37739275e-02,-1.74498086e+00,1.21015554e+00,-1.11638161e+00,1.04818704e+03,-2.32014084e+00,-1.11092342e+00,-6.34057435e-01,-1.37364780e+00,1.74791130e-01,1.36612582e+03,6.61423306e+00,-1.49755718e+00
"2014Q4",9.11893000e+05,1.44480000e+02,2.13760000e+04,4.00447761e+00,1.85000310e+04,2.36888000e+02,2.00000000e-02,5.00000000e+00,1.87777266e+04,0.00000000e+00,8.82696025e+05,1.44415338e+02,4.97269344e+02,5.46758746e+02,4.97314109e+02,-Inf,1.36907362e+03,9.82552769e+02,9.84042669e+02,1.37232779e+03,9.97002408e+02,1.04649181e+03,-2.81936555e-01,-9.95012803e-01,7.75945927e-01,NaN,6.09923428e+00,2.01783441e+00,1.94190014e+00,1.41743968e+01,3.21271777e+00,2.49964152e+00,2.43876862e+00,1.15700015e+00,2.52326255e+00,NaN,6.51978855e+00,2.65039964e+00,1.90762326e+00,7.03827844e+00,1.25219355e+00,-2.95749187e-02,1.56570899e+00,-1.13700015e+00,1.35082257e+00,2.14886419e-01,1.04790672e+03,-1.41490641e+00,-1.02938221e+00,-1.07617948e-01,-1.12129620e+00,3.77190967e-02,1.36780638e+03,6.72226259e+00,-1.47885613e+00
"2015Q1",8.77492000e+05,1.43850000e+02,2.14350000e+04,4.57482143e+00,1.86666210e+04,2.35355000e+02,3.00000000e-02,5.00000000e+00,1.88697747e+04,0.00000000e+00,9.00747916e+05,1.43428195e+02,4.96583453e+02,5.46109501e+02,4.96877109e+02,-Inf,1.37109807e+03,9.83449223e+02,9.84531670e+02,1.36848231e+03,9.97278038e+02,1.04680409e+03,-2.74356477e+00,-2.59697721e+00,-1.74799987e+00,NaN,8.09781893e+00,3.58581915e+00,1.95600325e+00,-1.53819281e+01,1.10252108e+00,1.24910864e+00,8.11769231e-01,-1.12956936e-01,7.32604009e-01,NaN,6.72538713e+00,3.89254724e+00,1.92803838e+00,6.05856621e+00,1.61312784e+00,6.88401672e-01,3.76305220e+00,1.42956936e-01,1.46857494e+00,2.29447725e+00,1.04768274e+03,-8.78650181e-01,-9.57280457e-01,1.10023739e+00,-8.95916278e-01,-2.42071049e-01,1.36950948e+03,6.81238442e+00,-1.07660888e+00
"2015Q2",8.96977000e+05,1.44500000e+02,2.18100000e+04,4.60300000e+00,1.87822430e+04,2.36960000e+02,2.00000000e-02,5.00000000e+00,1.89630163e+04,0.00000000e+00,9.16974326e+05,1.44740789e+02,4.97494448e+02,5.46789135e+02,4.97327951e+02,-Inf,1.37288348e+03,9.84066718e+02,9.85024585e+02,1.37067855e+03,9.99012386e+02,1.04830707e+03,3.64398094e+00,2.71853518e+00,1.80336702e+00,NaN,7.14161534e+00,2.46997863e+00,1.97166059e+00,8.78495289e+00,6.93739207e+00,6.01194631e+00,1.02278589e+00,3.71439671e-02,9.80570463e-01,NaN,6.88776482e+00,3.22647288e+00,1.94856227e+00,6.86710485e+00,2.63411509e+00,1.64847316e+00,3.58021411e+00,-1.71439671e-02,1.56036050e+00,2.01985361e+00,1.04750748e+03,7.99597719e-01,-8.95974899e-01,8.78830932e-01,-7.01045293e-01,-4.02778618e-01,1.37122994e+03,6.88182717e+00,-9.53293809e-01
"2015Q3",9.43183000e+05,1.44930000e+02,2.24820000e+04,4.59043478e+00,1.88574180e+04,2.37855000e+02,4.00000000e-02,5.00000000e+00,1.90568383e+04,0.00000000e+00,9.30526161e+05,1.45183266e+02,4.97799685e+02,5.47166124e+02,4.97625087e+02,-Inf,1.37435055e+03,9.84466164e+02,9.85518128e+02,1.37570156e+03,1.00204703e+03,1.05141347e+03,1.22094765e+00,1.50795752e+00,1.18854387e+00,NaN,5.86828656e+00,1.59778485e+00,1.97417400e+00,2.00920418e+01,1.21385635e+01,1.24255734e+01,4.59856817e-01,1.58625670e-01,5.04964238e-01,NaN,6.80173878e+00,2.41785426e+00,1.96093450e+00,6.91736587e+00,5.84779861e+00,5.54656746e+00,4.13057797e+00,-1.18625670e-01,1.62456111e+00,2.50601686e+00,1.04737276e+03,4.04071104e+00,-8.46134609e-01,7.27508939e-01,-5.38879873e-01,-3.19044240e-01,1.37296202e+03,6.92834037e+00,-1.04645024e+00
"2015Q4",9.79173000e+05,1.44930000e+02,2.24790000e+04,4.74945946e+00,1.88922060e+04,2.37837000e+02,1.30000000e-01,5.00000000e+00,1.91509692e+04,0.00000000e+00,9.42086121e+05,1.44788165e+02,4.97527174e+02,5.47158557e+02,4.97625087e+02,-Inf,1.37558520e+03,9.84650474e+02,9.86010860e+02,1.37944636e+03,1.00203368e+03,1.05166506e+03,-1.09004309e+00,-3.02716884e-02,0.00000000e+00,NaN,4.93860138e+00,7.37236691e-01,1.97092828e+00,1.49792050e+01,-5.33795957e-02,1.00639180e+00,2.57830184e-01,3.99810949e-01,3.10977757e-01,NaN,6.51158055e+00,2.09770483e+00,1.96819153e+00,7.11856792e+00,5.03127427e+00,5.17325503e+00,4.49162927e+00,-2.69810949e-01,1.66082108e+00,2.83080819e+00,1.04727090e+03,4.39416424e+00,-8.07879392e-01,5.38068443e-01,-4.07421023e-01,-1.47113089e-01,1.37469959e+03,6.95026838e+00,-1.35117548e+00
"2016Q1",9.25692000e+05,1.45660000e+02,2.18590000e+04,5.08935484e+00,1.90016900e+04,2.37689000e+02,2.90000000e-01,5.00000000e+00,1.92452221e+04,0.00000000e+00,9.57324835e+05,1.45341186e+02,4.97908399e+02,5.47096310e+02,4.98127514e+02,-Inf,1.37718980e+03,9.85228320e+02,9.86501811e+02,1.37382968e+03,9.99236802e+02,1.04842471e+03,1.52489866e+00,-2.48987445e-01,2.00970862e+00,NaN,6.41842805e+00,2.31138661e+00,1.96380081e+00,-2.24667088e+01,-1.11875216e+01,-1.29614077e+01,1.32494604e+00,9.86808390e-01,1.25040488e+00,NaN,6.09173283e+00,1.77909669e+00,1.97014092e+00,5.34737274e+00,1.95876360e+00,1.62062595e+00,3.76440880e+00,-6.96808390e-01,1.67035097e+00,2.09405783e+00,1.04719676e+03,1.22795406e+00,-7.80874363e-01,8.40659727e-02,-2.96566965e-01,-1.83062385e-01,1.37643624e+03,6.94660796e+00,-1.26541590e+00
"2016Q2",9.57479000e+05,1.47660000e+02,2.19390000e+04,4.62693548e+00,1.90627090e+04,2.39590000e+02,2.60000000e-01,5.00000000e+00,1.93397441e+04,0.00000000e+00,9.79475883e+05,1.47903325e+02,4.99655885e+02,5.47892913e+02,4.99491233e+02,-Inf,1.37947729e+03,9.85548930e+02,9.86991753e+02,1.37720591e+03,9.99602115e+02,1.04783914e+03,6.98994587e+00,3.18641307e+00,5.45487794e+00,NaN,9.14994050e+00,1.28243827e+00,1.95977135e+00,1.35048891e+01,1.46125556e+00,-2.34227724e+00,2.16143728e+00,1.10377786e+00,2.16328261e+00,NaN,6.59381412e+00,1.48221160e+00,1.96716861e+00,6.52735680e+00,5.89729474e-01,-4.67929939e-01,2.46549821e+00,-8.43777862e-01,1.65613058e+00,8.09367631e-01,1.04714793e+03,6.91217817e-01,-7.64448340e-01,-7.93295221e-02,-1.95332288e-01,-5.56980542e-01,1.37816550e+03,6.91704731e+00,-1.43246492e+00
"2016Q3",1.00841000e+06,1.48940000e+02,2.19560000e+04,3.68123077e+00,1.91979380e+04,2.40607000e+02,3.00000000e-01,5.00000000e+00,1.94340623e+04,0.00000000e+00,9.93529510e+05,1.49149259e+02,5.00494754e+02,5.48316490e+02,5.00354354e+02,-Inf,1.38090190e+03,9.86255816e+02,9.87478260e+02,1.38238854e+03,9.99679573e+02,1.04750131e+03,3.35547544e+00,1.69430716e+00,3.45248266e+00,NaN,5.69845960e+00,2.82754368e+00,1.94602459e+00,2.07305293e+01,3.09830292e-01,-1.35133798e+00,2.69506922e+00,1.15036527e+00,2.72926730e+00,NaN,6.55135738e+00,1.78965131e+00,1.96013126e+00,6.68697867e+00,-2.36745384e+00,-3.91215778e+00,9.86161547e-01,-8.50365274e-01,1.62244851e+00,-6.36286962e-01,1.04712276e+03,3.78545098e-01,-7.57877604e-01,-9.24876695e-02,-1.00647108e-01,-1.06195708e+00,1.37988100e+03,6.86198532e+00,-1.21500248e+00
"2016Q4",1.05256200e+06,1.51370000e+02,2.21520000e+04,4.18444444e+00,1.93043520e+04,2.42135000e+02,4.30000000e-01,5.00000000e+00,1.95280580e+04,0.00000000e+00,1.00634694e+06,1.51211030e+02,5.01867641e+02,5.48949542e+02,5.01972717e+02,-Inf,1.38218374e+03,9.86808584e+02,9.87960758e+02,1.38667378e+03,1.00056831e+03,1.04765021e+03,5.49154895e+00,2.53220992e+00,6.47345220e+00,NaN,5.12735964e+00,2.21107411e+00,1.92999501e+00,1.71409437e+01,3.55493407e+00,5.95595041e-01,4.34046723e+00,1.79098568e+00,4.34763035e+00,NaN,6.59854695e+00,2.15811067e+00,1.94989794e+00,7.22741333e+00,-1.46537542e+00,-4.01485697e+00,-1.56022788e-01,-1.36098568e+00,1.57409921e+00,-1.73012200e+00,1.04712007e+03,5.30139703e-01,-7.60488015e-01,-6.00497661e-01,-1.07833792e-02,-1.30512540e+00,1.38157663e+03,6.78253022e+00,-1.14556209e+00
"2017Q1",9.73548000e+05,1.52880000e+02,2.21640000e+04,5.06672414e+00,1.93983430e+04,2.43839000e+02,6.00000000e-01,4.00000000e+00,1.96221718e+04,0.00000000e+00,1.01364888e+06,1.52613058e+02,5.02790568e+02,5.49650817e+02,5.02965330e+02,-Inf,1.38290671e+03,9.87294293e+02,9.88441542e+02,1.37887024e+03,1.00062246e+03,1.04748271e+03,3.69170898e+00,2.80509983e+00,3.97045166e+00,NaN,2.89187718e+00,1.94283493e+00,1.92313540e+00,-3.12141364e+01,2.16626055e-01,-6.69983090e-01,4.88216981e+00,2.55450750e+00,4.83781611e+00,NaN,5.71690923e+00,2.06597275e+00,1.93973159e+00,5.04055643e+00,1.38566150e+00,-9.42000819e-01,1.84554327e-01,-1.95450750e+00,1.51547946e+00,-1.33092514e+00,1.04713887e+03,3.43842616e-01,-7.71663238e-01,-1.18284426e+00,7.52052602e-02,-1.06089345e+00,1.38324675e+03,6.68047730e+00,-1.14069351e+00
"2017Q2",1.02125800e+06,1.52590000e+02,2.23550000e+04,4.69903226e+00,1.95069490e+04,2.44120000e+02,9.00000000e-01,4.00000000e+00,1.97170838e+04,0.00000000e+00,1.04667937e+06,1.52789367e+02,5.02906029e+02,5.49765991e+02,5.02775459e+02,-Inf,1.38611332e+03,9.87852604e+02,9.88924074e+02,1.38365458e+03,1.00148053e+03,1.04834049e+03,4.61840403e-01,4.60694495e-01,-7.59485611e-01,NaN,1.28264274e+01,2.23324441e+00,1.93012689e+00,1.91373398e+01,3.43226347e+00,3.43111756e+00,3.25014344e+00,1.87307785e+00,3.28422523e+00,NaN,6.63603096e+00,2.30367428e+00,1.93232047e+00,6.44866910e+00,1.87841347e+00,5.01347883e-01,1.44888881e+00,-9.73077853e-01,1.44990470e+00,-1.01588909e-03,1.04717853e+03,1.16196097e+00,-7.91162249e-01,-1.81915604e-01,1.58644160e-01,-4.95177366e-01,1.38488632e+03,6.55826640e+00,-1.06575015e+00
"2017Q3",1.08441900e+06,1.53550000e+02,2.23350000e+04,3.41682540e+00,1.96607660e+04,2.45287000e+02,1.06000000e+00,4.00000000e+00,1.98145016e+04,0.00000000e+00,1.06714283e+06,1.53771900e+02,5.03547034e+02,5.50242895e+02,5.03402625e+02,-Inf,1.38804954e+03,9.88638036e+02,9.89416935e+02,1.38965549e+03,1.00139102e+03,1.04808689e+03,2.56402018e+00,1.90761834e+00,2.50866439e+00,NaN,7.74487205e+00,3.14172610e+00,1.97144549e+00,2.40036636e+01,-3.58021953e-01,-1.01442379e+00,3.05227963e+00,1.92640565e+00,3.04827066e+00,NaN,7.14763407e+00,2.38221989e+00,1.93867570e+00,7.26695267e+00,1.71145041e+00,5.85576430e-01,3.64545767e-01,-8.66405648e-01,1.37985855e+00,-1.01531279e+00,1.04723863e+03,8.48256787e-01,-8.19483301e-01,-4.69223468e-02,2.40392926e-01,-2.94687752e-02,1.38649105e+03,6.41892002e+00,-7.75874221e-01
"2017Q4",1.13865000e+06,1.55500000e+02,2.22290000e+04,4.02968254e+00,1.98823520e+04,2.47238000e+02,1.23000000e+00,4.00000000e+00,1.99142676e+04,0.00000000e+00,1.08134583e+06,1.55353859e+02,5.04570548e+02,5.51035144e+02,5.04664573e+02,-Inf,1.38937170e+03,9.89758778e+02,9.89919172e+02,1.39453539e+03,1.00091530e+03,1.04737990e+03,4.09405600e+00,3.16899277e+00,5.04779389e+00,NaN,5.28863134e+00,4.48297111e+00,2.00894640e+00,1.95195962e+01,-1.90288484e+00,-2.82794806e+00,2.70290639e+00,2.08560136e+00,2.69185608e+00,NaN,7.18795199e+00,2.95019414e+00,1.95841354e+00,7.86161579e+00,3.46995684e-01,-2.70309346e-01,1.32677615e+00,-8.55601360e-01,1.30782400e+00,1.89521544e-02,1.04731947e+03,6.04306554e-02,-8.57238346e-01,1.63698624e-03,3.23356461e-01,5.13569639e-02,1.38805754e+03,6.26596395e+00,-1.60265045e-01
"2018Q1",1.04931500e+06,1.57200000e+02,2.24410000e+04,3.94525424e+00,2.00440770e+04,2.49322000e+02,1.58000000e+00,4.00000000e+00,2.00165432e+04,0.00000000e+00,1.09882233e+06,1.56933390e+02,5.05582145e+02,5.51874523e+02,5.05751888e+02,-Inf,1.39097496e+03,9.90568898e+02,9.90431437e+02,1.38636481e+03,1.00186449e+03,1.04815687e+03,4.04638776e+00,3.35751931e+00,4.34925935e+00,NaN,6.41303582e+00,3.24047782e+00,2.04905999e+00,-3.26823119e+01,3.79676009e+00,3.10789164e+00,2.79157609e+00,2.22370623e+00,2.78655801e+00,NaN,8.06824165e+00,3.27460486e+00,1.98989469e+00,7.49457191e+00,1.24202919e+00,6.74159337e-01,1.15367815e+00,-6.43706229e-01,1.23564944e+00,-8.19712906e-02,1.04742188e+03,7.34989714e-01,-9.05068661e-01,2.61362432e-01,4.09655407e-01,-1.15167681e-01,1.38958337e+03,6.10333245e+00,1.37555370e-01
"2018Q2",1.09374500e+06,1.58320000e+02,2.25710000e+04,2.77032787e+00,2.01504760e+04,2.50679000e+02,1.88000000e+00,4.00000000e+00,2.01216714e+04,0.00000000e+00,1.12411780e+06,1.58495527e+02,5.06572637e+02,5.52417324e+02,5.06461830e+02,-Inf,1.39325091e+03,9.91098319e+02,9.90955269e+02,1.39051181e+03,1.00244212e+03,1.04828680e+03,3.96197142e+00,2.17120099e+00,2.83976852e+00,NaN,9.10382133e+00,2.11768492e+00,2.09532888e+00,1.65880068e+01,2.31050140e+00,5.19730977e-01,3.66660884e+00,2.65133285e+00,3.68637154e+00,NaN,7.13759013e+00,3.24571499e+00,2.03119519e+00,6.85723866e+00,9.61588676e-01,-5.36873101e-02,-8.96280970e-01,-7.71332852e-01,1.16519515e+00,-2.06147612e+00,1.04754674e+03,7.40062248e-01,-9.63614500e-01,1.92281647e-01,4.99440841e-01,-7.72396237e-02,1.39106719e+03,5.93526095e+00,1.43152224e-01
"2018Q3",1.16245100e+06,1.59900000e+02,2.24450000e+04,4.08890625e+00,2.02761540e+04,2.51686000e+02,2.08000000e+00,4.00000000e+00,2.02281297e+04,0.00000000e+00,1.14344375e+06,1.60110878e+02,5.07586656e+02,5.52818228e+02,5.07454862e+02,-Inf,1.39495551e+03,9.91720079e+02,9.91482947e+02,1.39660413e+03,1.00188232e+03,1.04711389e+03,4.05607639e+00,1.60361705e+00,3.97212742e+00,NaN,6.81839924e+00,2.48704193e+00,2.11071270e+00,2.43692479e+01,-2.23920969e+00,-4.69166903e+00,4.03962289e+00,2.57533253e+00,4.05223730e+00,NaN,6.90597193e+00,3.08204394e+00,2.06601199e+00,6.94863474e+00,4.91291743e-01,-9.72998619e-01,4.92833587e-02,-4.95332529e-01,1.09827014e+00,-1.04898679e+00,1.04769538e+03,-5.81492569e-01,-1.03335277e+00,5.38020236e-01,5.94550238e-01,5.01082591e-01,1.39250873e+03,5.76616915e+00,2.37413546e-01
"2018Q4",1.22722800e+06,1.60860000e+02,2.27870000e+04,5.12765625e+00,2.03048740e+04,2.52711000e+02,2.36000000e+00,4.00000000e+00,2.03350987e+04,0.00000000e+00,1.15780255e+06,1.60771594e+02,5.07998469e+02,5.53224654e+02,5.08053442e+02,-Inf,1.39620344e+03,9.91861623e+02,9.92010367e+02,1.40202685e+03,1.00339455e+03,1.04862073e+03,1.64724898e+00,1.62570580e+00,2.39432065e+00,NaN,4.99172310e+00,5.66175993e-01,2.10968016e+00,2.16909042e+01,6.04893027e+00,6.02738709e+00,3.42792114e+00,2.18951079e+00,3.38886899e+00,NaN,6.83174487e+00,2.10284517e+00,2.09119544e+00,7.49146174e+00,2.47924552e+00,1.24083517e+00,1.69973511e+00,1.70489213e-01,1.03539503e+00,6.64340081e-01,1.04786959e+03,7.51145765e-01,-1.11464019e+00,1.28512940e+00,6.96833751e-01,1.47605114e+00,1.39390886e+03,5.60053813e+00,-1.48633308e-01
"2019Q1",1.12366000e+06,1.61340000e+02,2.29010000e+04,5.06362069e+00,2.04316410e+04,2.53386000e+02,2.44000000e+00,4.00000000e+00,2.04430330e+04,0.00000000e+00,1.18171082e+06,1.61068213e+02,5.08182796e+02,5.53491402e+02,5.08351394e+02,-Inf,1.39824738e+03,9.92484001e+02,9.92539742e+02,1.39321018e+03,1.00389359e+03,1.04920219e+03,7.37308890e-01,1.06698977e+00,1.19180721e+00,NaN,8.17575339e+00,2.48950916e+00,2.11749891e+00,-3.52667012e+01,1.99615193e+00,2.32583280e+00,2.60065142e+00,1.61687840e+00,2.59950595e+00,NaN,7.27242426e+00,1.91510300e+00,2.10830517e+00,6.84536443e+00,2.02909348e+00,1.04532046e+00,2.46296927e+00,8.23121599e-01,9.76434792e-01,1.48653448e+00,1.04807080e+03,1.13139455e+00,-1.20749722e+00,2.03061882e+00,8.04837651e-01,2.28152681e+00,1.39526956e+03,5.44278506e+00,-5.57257819e-02
"2019Q2",1.17204100e+06,1.62520000e+02,2.30690000e+04,4.48451613e+00,2.06022750e+04,2.55247000e+02,2.35000000e+00,4.00000000e+00,2.05511149e+04,0.00000000e+00,1.20653080e+06,1.62668834e+02,5.09171644e+02,5.54223170e+02,5.09080107e+02,-Inf,1.40032597e+03,9.93315679e+02,9.93067047e+02,1.39742572e+03,1.00462450e+03,1.04967603e+03,3.95539185e+00,2.92707442e+00,2.91485264e+00,NaN,8.31435820e+00,3.32671117e+00,2.10922087e+00,1.68621835e+01,2.92365887e+00,1.89534144e+00,2.59900653e+00,1.80584676e+00,2.61827698e+00,NaN,7.07505848e+00,2.21735956e+00,2.11177816e+00,6.91390862e+00,2.18238285e+00,1.38922308e+00,1.88550960e+00,5.44153241e-01,9.21669628e-01,9.63839972e-01,1.04830091e+03,1.37511996e+00,-1.31114114e+00,1.85529438e+00,9.20439801e-01,2.38804165e+00,1.39659384e+03,5.29713913e+00,2.48940606e-01
"2019Q3",1.25106400e+06,1.63460000e+02,2.30790000e+04,4.42123077e+00,2.08433220e+04,2.56089000e+02,2.02000000e+00,4.00000000e+00,2.06589966e+04,0.00000000e+00,1.23394638e+06,1.63605025e+02,5.09745514e+02,5.54552504e+02,5.09656831e+02,-Inf,1.40257280e+03,9.94478889e+02,9.93590617e+02,1.40395049e+03,1.00466784e+03,1.04947483e+03,2.29548015e+00,1.31733461e+00,2.30689639e+00,NaN,8.98733613e+00,4.65284103e+00,2.09428070e+00,2.60990863e+01,1.73355294e-01,-8.04790246e-01,2.15885747e+00,1.73427615e+00,2.20196922e+00,NaN,7.61729270e+00,2.75880934e+00,2.10767016e+00,7.34636822e+00,2.78552409e+00,2.36094277e+00,2.26237330e+00,2.85723851e-01,8.72308822e-01,1.39006448e+00,1.04856252e+03,9.12305230e-01,-1.42352005e+00,1.70924390e+00,1.04646869e+00,1.76366506e+00,1.39788572e+03,5.16752260e+00,8.92228183e-01
"2019Q4",1.31955100e+06,1.66750000e+02,2.31620000e+04,4.40641791e+00,2.09854480e+04,2.57888000e+02,1.61000000e+00,4.00000000e+00,2.07639792e+04,0.00000000e+00,1.23629846e+06,1.66761349e+02,5.11656374e+02,5.55252538e+02,5.11649568e+02,-Inf,1.40276324e+03,9.95158452e+02,9.94097500e+02,1.40928021e+03,1.00502683e+03,1.04862299e+03,7.64344186e+00,2.80013673e+00,7.97094908e+00,NaN,7.61731926e-01,2.71825439e+00,2.02752821e+00,2.13188552e+01,1.43595665e+00,-3.40734848e+00,3.65790569e+00,2.02788388e+00,3.59612633e+00,NaN,6.55979491e+00,3.29682894e+00,2.08713217e+00,7.25335597e+00,1.63228069e+00,2.25887979e-03,7.48512223e-01,-4.17883882e-01,8.30164056e-01,-8.16518330e-02,1.04885911e+03,-2.36122419e-01,-1.54142252e+00,1.12353864e+00,1.18636211e+00,9.09404593e-01,1.39915008e+03,5.05744028e+00,1.06660095e+00
"2020Q1",1.15977300e+06,1.70310000e+02,2.32090000e+04,3.71241379e+00,2.07092120e+04,2.58818000e+02,1.13000000e+00,4.00000000e+00,2.08672769e+04,0.00000000e+00,1.22371563e+06,1.70035149e+02,5.13600517e+02,5.55612511e+02,5.13762031e+02,-Inf,1.40174024e+03,9.93833390e+02,9.94593751e+02,1.39637349e+03,1.00522954e+03,1.04724154e+03,7.77657206e+00,1.43989194e+00,8.44984842e+00,NaN,-4.09199069e+00,-5.30024788e+00,1.98500688e+00,-5.16268924e+01,8.10851888e-01,-5.52582823e+00,5.41772148e+00,2.12110942e+00,5.41063663e+00,NaN,3.49285889e+00,1.34938968e+00,2.05400916e+00,3.16330817e+00,1.33595568e+00,-1.96065638e+00,-1.70530769e+00,-9.91109424e-01,7.97915803e-01,-2.50322349e+00,1.04919471e+03,-1.95317969e+00,-1.66056883e+00,6.69459411e-01,1.34240084e+00,4.14037814e-01,1.40039255e+03,4.96988091e+00,-7.57477369e-01
"2020Q2",1.17598100e+06,1.67120000e+02,2.32300000e+04,3.09032258e+00,1.90779920e+04,2.56292000e+02,1.40000000e-01,4.00000000e+00,2.09704219e+04,1.00000000e+00,1.20958390e+06,1.67235881e+02,5.11940527e+02,5.54631742e+02,5.11871212e+02,0.00000000e+00,1.40057870e+03,9.85629070e+02,9.95086825e+02,1.39776133e+03,1.00531998e+03,1.04801120e+03,-6.63995989e+00,-3.92307701e+00,-7.56327544e+00,Inf,-4.64616376e+00,-3.28172824e+01,1.97229316e+00,5.55135863e+00,3.61764921e-01,3.07864780e+00,2.76888355e+00,4.08571567e-01,2.79110461e+00,Inf,2.52728400e-01,-7.68660872e+00,2.01977723e+00,3.35601941e-01,6.95482187e-01,-1.66482979e+00,3.21439036e-01,-2.68571567e-01,7.78193504e-01,-4.56754468e-01,1.04957321e+03,-1.56201638e+00,-1.77597707e+00,1.50740550e+00,1.51399456e+00,4.18056818e-01,1.40161936e+03,4.90723338e+00,-9.02428170e+00
"2020Q3",1.28855000e+06,1.68660000e+02,2.32130000e+04,2.04692308e+00,2.05588790e+04,2.59222000e+02,1.10000000e-01,4.00000000e+00,2.10717626e+04,1.00000000e+00,1.27856414e+06,1.68730325e+02,5.12830173e+02,5.55768484e+02,5.12788485e+02,0.00000000e+00,1.40612482e+03,9.93104819e+02,9.95568916e+02,1.40690281e+03,1.00524677e+03,1.04818509e+03,3.55858290e+00,4.54696718e+00,3.66909476e+00,0.00000000e+00,2.21845076e+01,2.99029985e+01,1.92836556e+00,3.65659449e+01,-2.92832087e-01,6.95552192e-01,3.08465923e+00,1.21597971e+00,3.13165421e+00,Inf,3.55202127e+00,-1.37406934e+00,1.97829845e+00,2.95231659e+00,5.78935342e-01,-1.28974418e+00,-1.03773616e+00,-1.10597971e+00,7.72062085e-01,-1.80979824e+00,1.04999728e+03,-1.81219341e+00,-1.88224688e+00,7.76267174e-01,1.69626032e+00,4.82248046e-01,1.40283717e+03,4.87122010e+00,-2.43398542e+00
"2020Q4",1.38145200e+06,1.69040000e+02,2.31400000e+04,1.54439394e+00,2.07919170e+04,2.61092000e+02,9.00000000e-02,4.00000000e+00,2.11743303e+04,1.00000000e+00,1.28507813e+06,1.69150989e+02,5.13079174e+02,5.56487284e+02,5.13013537e+02,0.00000000e+00,1.40663301e+03,9.94231958e+02,9.96054489e+02,1.41386457e+03,1.00493180e+03,1.04833991e+03,9.96003608e-01,2.87519929e+00,9.00207665e-01,0.00000000e+00,2.03273422e+00,4.50855586e+00,1.94229391e+00,2.78470259e+01,-1.25989792e+00,6.19297758e-01,1.42279967e+00,1.23474535e+00,1.36396885e+00,Inf,3.86977184e+00,-9.26493973e-01,1.95698988e+00,4.58435927e+00,-9.50282997e-02,-2.83082621e-01,1.21594268e-01,-1.14474535e+00,7.80301000e-01,-6.58706731e-01,1.05046860e+03,-2.12869224e+00,-1.97303581e+00,8.28290462e-01,1.88529309e+00,7.33746595e-03,1.40405288e+03,4.86284973e+00,-1.80602330e+00
"2021Q1",1.21596600e+06,1.70810000e+02,2.31510000e+04,1.63034483e+00,2.10821340e+04,2.63686000e+02,5.00000000e-02,4.00000000e+00,2.12777032e+04,1.00000000e+00,1.28748581e+06,1.70546242e+02,5.13900647e+02,5.57475900e+02,5.14055183e+02,0.00000000e+00,1.40682019e+03,9.95618123e+02,9.96541500e+02,1.40110494e+03,1.00497933e+03,1.04855458e+03,3.28589224e+00,3.95446627e+00,4.16658174e+00,0.00000000e+00,7.48725890e-01,5.54465861e+00,1.94804358e+00,-5.10385189e+01,1.90101751e-01,8.58675787e-01,3.00129716e-01,1.86338893e+00,2.93152180e-01,Inf,5.07995099e+00,1.78473265e+00,1.94774905e+00,4.73145263e+00,-2.50215834e-01,1.31304338e+00,1.33021511e+00,-1.81338893e+00,8.02558579e-01,5.27656533e-01,1.05098774e+03,-2.43316389e+00,-2.04151622e+00,2.28127284e-01,2.07656237e+00,-1.15252841e+00,1.40527348e+03,4.88239053e+00,-9.19127166e-01
"2021Q2",1.25305700e+06,1.71580000e+02,2.31440000e+04,1.87967742e+00,2.14409290e+04,2.68580000e+02,3.00000000e-02,4.00000000e+00,2.13828983e+04,1.00000000e+00,1.28400815e+06,1.71665693e+02,5.14554894e+02,5.59314882e+02,5.14504963e+02,0.00000000e+00,1.40654971e+03,9.97305694e+02,9.97034674e+02,1.40410967e+03,1.00494908e+03,1.04970907e+03,2.61698641e+00,7.35592793e+00,1.79912100e+00,0.00000000e+00,-1.08191232e+00,6.75028542e+00,1.97269442e+00,1.20189372e+01,-1.20963388e-01,4.61797814e+00,2.61436629e+00,4.68314017e+00,2.63375129e+00,0.00000000e+00,5.97101385e+00,1.16766246e+01,1.94784937e+00,6.34834728e+00,-3.70897911e-01,1.69787597e+00,-7.34688871e-01,-4.65314017e+00,8.38071462e-01,-1.57276033e+00,1.05155393e+03,-1.84485596e+00,-2.08034279e+00,-2.57279738e+00,2.26474645e+00,-2.44167238e+00,1.40650582e+03,4.92936498e+00,2.71388139e-01
"2021Q3",1.21085000e+06,1.72890000e+02,2.31530000e+04,1.90000000e+00,2.16178280e+04,2.72886000e+02,5.00000000e-02,4.00000000e+00,2.14930192e+04,1.00000000e+00,1.21182925e+06,1.72903827e+02,5.15273553e+02,5.60905413e+02,5.15265555e+02,0.00000000e+00,1.40076416e+03,9.98127362e+02,9.97548347e+02,1.40068332e+03,1.00498796e+03,1.05061982e+03,2.87463502e+00,6.36212176e+00,3.04236959e+00,0.00000000e+00,-2.31422239e+01,3.28667166e+00,2.05469268e+00,-1.37054294e+01,1.55517638e-01,3.64300438e+00,2.44337932e+00,5.13692881e+00,2.47707000e+00,0.00000000e+00,-5.36066903e+00,5.02254289e+00,1.97943115e+00,-6.21949628e+00,-2.58810480e-01,2.43473902e+00,-5.43379318e-01,-5.08692881e+00,8.86406072e-01,-1.42978539e+00,1.05216487e+03,-1.54504547e+00,-2.08202762e+00,-3.00490119e+00,2.44376241e+00,-2.98099720e+00,1.40775646e+03,5.00256604e+00,5.80694825e-01
"2021Q4",1.45371600e+06,1.72230000e+02,2.31930000e+04,2.18681818e+00,2.19887370e+04,2.78719000e+02,5.00000000e-02,4.00000000e+00,2.16060808e+04,1.00000000e+00,1.34139688e+06,1.72423087e+02,5.14995126e+02,5.63020411e+02,5.14883079e+02,0.00000000e+00,1.41092221e+03,9.99828565e+02,9.98073007e+02,1.41896336e+03,1.00516058e+03,1.05318586e+03,-1.11370409e+00,8.45999211e+00,-1.52990451e+00,0.00000000e+00,4.06322093e+01,6.80480924e+00,2.09864001e+00,7.31201778e+01,6.90458895e-01,1.02641551e+01,1.91595239e+00,6.53312702e+00,1.86954195e+00,0.00000000e+00,4.28919973e+00,5.59660623e+00,2.01851767e+00,5.09879169e+00,2.28778724e-01,4.84595335e+00,2.70865788e-01,-6.48312702e+00,9.46145858e-01,-6.75280070e-01,1.05281712e+03,3.68743778e-01,-2.04069083e+00,-4.44243619e+00,2.60899810e+00,-2.28379636e+00,1.40903148e+03,5.10009423e+00,1.77105808e+00
"2022Q1",1.28183200e+06,1.74100000e+02,2.31700000e+04,3.05068965e+00,2.19327100e+04,2.84845000e+02,3.00000000e-01,4.00000000e+00,2.17220248e+04,1.00000000e+00,1.36375597e+06,1.73811779e+02,5.15797299e+02,5.65194517e+02,5.15962985e+02,0.00000000e+00,1.41257532e+03,9.99573441e+02,9.98608199e+02,1.40638009e+03,1.00506136e+03,1.05445858e+03,3.20868867e+00,8.69642674e+00,4.31962157e+00,0.00000000e+00,6.61244770e+00,-1.02049517e+00,2.14076873e+00,-5.03330928e+01,-3.96868225e-01,5.09086985e+00,1.89665150e+00,7.71861714e+00,1.90780191e+00,0.00000000e+00,5.75513019e+00,3.95531779e+00,2.06669896e+00,5.27514820e+00,8.20362301e-02,5.90400186e+00,1.15403815e+00,-7.41861714e+00,1.01498065e+00,1.39057499e-01,1.05350627e+03,9.52313508e-01,-1.95233057e+00,-5.46628656e+00,2.75659092e+00,-7.04703266e-01,1.41033634e+03,5.21941447e+00,9.69915107e-01
"2022Q2",1.36033200e+06,1.76660000e+02,2.32130000e+04,3.08590164e+00,2.19670450e+04,2.91651000e+02,1.10000000e+00,4.00000000e+00,2.18405664e+04,0.00000000e+00,1.38925522e+06,1.76742387e+02,5.17469323e+02,5.67555788e+02,5.17422698e+02,-Inf,1.41442784e+03,9.99729865e+02,9.99152436e+02,1.41232393e+03,1.00524677e+03,1.05533324e+03,6.68809820e+00,9.44508371e+00,5.83885382e+00,-Inf,7.41006254e+00,6.25698380e-01,2.17694769e+00,2.37753932e+01,7.41651248e-01,3.49863676e+00,2.91442945e+00,8.24090608e+00,2.91773512e+00,-Inf,7.87812390e+00,2.42417103e+00,2.11776228e+00,8.21426219e+00,2.97689889e-01,5.62416652e+00,1.71472188e-01,-7.14090608e+00,1.09017824e+00,-9.18706054e-01,1.05422813e+03,1.10510701e+00,-1.81572154e+00,-5.32518454e+00,2.88746273e+00,7.77087074e-01,1.41167570e+03,5.35743093e+00,5.79099635e-01
"2022Q3",1.38502200e+06,1.78630000e+02,2.31700000e+04,4.95812500e+00,2.21256250e+04,2.95508000e+02,2.75000000e+00,4.00000000e+00,2.19615351e+04,0.00000000e+00,1.39478419e+06,1.78629410e+02,5.18531332e+02,5.68869591e+02,5.18531663e+02,-Inf,1.41482503e+03,1.00044917e+03,9.99704780e+02,1.41412266e+03,1.00506136e+03,1.05539962e+03,4.24803660e+00,5.25521091e+00,4.43585846e+00,NaN,1.58876428e+00,2.87722533e+00,2.20937395e+00,7.19489455e+00,-7.41651248e-01,2.65523063e-01,3.25777985e+00,7.96417837e+00,3.26610733e+00,-Inf,1.40608710e+01,2.32180945e+00,2.15643259e+00,1.34393432e+01,7.33976675e-02,4.77979619e+00,1.70034515e+00,-5.21417837e+00,1.16909332e+00,5.31251838e-01,1.05497913e+03,4.20489203e-01,-1.63305485e+00,-3.58112351e+00,3.00399431e+00,1.28121328e+00,1.41305334e+03,5.51057743e+00,7.47169628e-01
"2022Q4",1.54468300e+06,1.79830000e+02,2.31520000e+04,9.13907692e+00,2.22783450e+04,2.98498000e+02,4.18000000e+00,4.00000000e+00,2.20849254e+04,0.00000000e+00,1.41402498e+06,1.80055675e+02,5.19326611e+02,5.69876323e+02,5.19201196e+02,-Inf,1.41619508e+03,1.00113704e+03,1.00026505e+03,1.42503293e+03,1.00498364e+03,1.05553336e+03,3.18111417e+00,4.02692936e+00,2.67813309e+00,NaN,5.48021239e+00,2.75147654e+00,2.24109909e+00,4.36410749e+01,-3.10867422e-01,5.34947774e-01,4.33148441e+00,6.85591268e+00,4.31811673e+00,-Inf,5.27287173e+00,1.30847627e+00,2.19204736e+00,6.06956745e+00,-1.76933912e-01,2.34749436e+00,4.80759251e+00,-2.67591268e+00,1.24850638e+00,3.55908613e+00,1.05575637e+03,-2.23010961e-01,-1.40984987e+00,-1.26606281e+00,3.10894843e+00,6.68788947e-01,1.41447207e+03,5.67492082e+00,8.75799383e-01
"2023Q1",1.32613000e+06,1.81380000e+02,2.36090000e+04,8.31482759e+00,2.24396070e+04,3.01192000e+02,4.78000000e+00,4.50000000e+00,2.22082425e+04,0.00000000e+00,1.42096157e+06,1.81066219e+02,5.19886281e+02,5.70774794e+02,5.20059428e+02,-Inf,1.41668444e+03,1.00185828e+03,1.00082188e+03,1.40977755e+03,1.00693833e+03,1.05782684e+03,2.23868166e+00,3.59388100e+00,3.43292714e+00,NaN,1.95742732e+00,2.88497468e+00,2.22729607e+00,-6.10215141e+01,7.81873015e+00,9.17392949e+00,4.08898266e+00,5.58027625e+00,4.09644312e+00,-Inf,4.10911664e+00,2.28484373e+00,2.21367920e+00,3.39746215e+00,1.87696568e+00,3.36825927e+00,4.22584493e+00,-8.00276247e-01,1.32552997e+00,2.90031496e+00,1.05655721e+03,1.26962734e+00,-1.15386415e+00,3.53587901e-01,3.20337630e+00,-4.11644063e-01,1.41593364e+03,5.84627391e+00,1.04179545e+00
"2023Q2",1.41932300e+06,1.80920000e+02,2.36370000e+04,6.10806452e+00,2.25804990e+04,3.03424000e+02,5.27000000e+00,4.50000000e+00,2.23331124e+04,0.00000000e+00,1.44565097e+06,1.80997858e+02,5.19848520e+02,5.71513117e+02,5.19805494e+02,-Inf,1.41840703e+03,1.00248419e+03,1.00138257e+03,1.41656906e+03,1.00705686e+03,1.05872145e+03,-1.51045950e-01,2.95329285e+00,-1.01573336e+00,NaN,6.89036518e+00,2.50363622e+00,2.24277285e+00,2.71660285e+01,4.74114266e-01,3.57845307e+00,2.37919662e+00,3.95732853e+00,2.38279633e+00,NaN,3.97919230e+00,2.75432819e+00,2.23013549e+00,4.24512098e+00,1.81008144e+00,3.38821335e+00,3.72886790e+00,1.31267147e+00,1.39950104e+00,2.32936686e+00,1.05737889e+03,1.34256050e+00,-8.73646540e-01,2.18631801e+00,3.28672041e+00,-1.08617938e+00,1.41743872e+03,6.02031479e+00,1.10771220e+00
"2023Q3",1.45949300e+06,1.83800000e+02,2.40630000e+04,3.99523809e+00,2.28409890e+04,3.06042000e+02,5.54000000e+00,4.50000000e+00,2.24597407e+04,0.00000000e+00,1.47382732e+06,1.83830009e+02,5.21401146e+02,5.72372235e+02,5.21384821e+02,-Inf,1.42033732e+03,1.00363120e+03,1.00194797e+03,1.41935997e+03,1.00884307e+03,1.05981416e+03,6.21050628e+00,3.43647206e+00,6.31730612e+00,NaN,7.72116764e+00,4.58801096e+00,2.26158628e+00,1.11636471e+01,7.14484405e+00,4.37080983e+00,2.86981404e+00,3.50264382e+00,2.85315825e+00,NaN,5.51229314e+00,3.18202460e+00,2.24318857e+00,5.23730911e+00,3.78170526e+00,4.41453504e+00,1.12542406e+00,2.03735618e+00,1.47156926e+00,-3.46145208e-01,1.05821943e+03,1.59472425e+00,-5.77524902e-01,2.61488108e+00,3.36215482e+00,-9.38689348e-01,1.41898689e+03,6.19270876e+00,1.69747427e+00
"2023Q4",1.64913900e+06,1.86190000e+02,2.38830000e+04,3.52938462e+00,2.30337800e+04,3.08158000e+02,5.52000000e+00,4.50000000e+00,2.25881846e+04,0.00000000e+00,1.50092623e+06,1.86401141e+02,5.22790102e+02,5.73061264e+02,5.22676766e+02,-Inf,1.42215930e+03,1.00447171e+03,1.00251822e+03,1.43157639e+03,1.00809222e+03,1.05836338e+03,5.55582433e+00,2.75611641e+00,5.16777911e+00,NaN,7.28790714e+00,3.36205961e+00,2.28102417e+00,4.88656874e+01,-3.00339291e+00,-5.80310084e+00,3.46349158e+00,3.18494058e+00,3.47556975e+00,NaN,5.96421682e+00,3.33467037e+00,2.25316984e+00,6.54346222e+00,3.10857389e+00,2.83002289e+00,6.58930345e-02,2.33505942e+00,1.54434015e+00,-1.47844712e+00,1.05907769e+03,-7.14309937e-01,-2.72460644e-01,2.60752006e+00,3.43303593e+00,-2.58510622e-01,1.42057670e+03,6.35922923e+00,1.97269244e+00
"2024Q1",1.40545600e+06,1.88220000e+02,2.40170000e+04,3.07898305e+00,2.30821190e+04,3.10974000e+02,5.45000000e+00,4.50000000e+00,2.27181300e+04,0.00000000e+00,1.51544122e+06,1.87880373e+02,5.23580545e+02,5.73970931e+02,5.23761149e+02,-Inf,1.42312172e+03,1.00468135e+03,1.00309186e+03,1.41558724e+03,1.00865172e+03,1.05904211e+03,3.16176903e+00,3.63866758e+00,4.33753349e+00,NaN,3.84969085e+00,8.38565766e-01,2.29452812e+00,-6.39566113e+01,2.23800166e+00,2.71490021e+00,3.69426342e+00,3.19613723e+00,3.70172134e+00,NaN,6.43728270e+00,2.82306814e+00,2.26997786e+00,5.80968791e+00,1.71339177e+00,1.21526557e+00,-6.15280372e-01,2.25386277e+00,1.62020287e+00,-2.23548325e+00,1.05995353e+03,-9.11422524e-01,3.62191281e-02,2.21764365e+00,3.50335056e+00,3.05356794e-01,1.42220567e+03,6.51587414e+00,1.60219613e+00
"2024Q2",1.52217900e+06,1.88870000e+02,2.42420000e+04,4.87354839e+00,2.32865080e+04,3.13096000e+02,5.47000000e+00,4.50000000e+00,2.28498700e+04,0.00000000e+00,1.54889781e+06,1.88941277e+02,5.24143627e+02,5.74650985e+02,5.24105895e+02,-Inf,1.42530541e+03,1.00556294e+03,1.00367007e+03,1.42356534e+03,1.00958419e+03,1.06009155e+03,2.25232731e+00,2.72021815e+00,1.37898251e+00,NaN,8.73478365e+00,3.52635542e+00,2.31285757e+00,3.19124223e+01,3.72990125e+00,4.19779209e+00,4.29510674e+00,3.13786855e+00,4.30040031e+00,NaN,6.89838732e+00,3.07874794e+00,2.28749904e+00,6.99628636e+00,2.52733851e+00,1.37010032e+00,5.78441649e-01,2.33213145e+00,1.70062258e+00,-1.12218093e+00,1.06084636e+03,-7.54802732e-01,3.44817005e-01,1.98731445e+00,3.57131292e+00,3.38098129e-01,1.42387041e+03,6.65897428e+00,1.91089927e+00
"2024Q3",1.56792300e+06,1.90190000e+02,2.42120000e+04,5.08625000e+00,2.34785700e+04,3.14183000e+02,5.22000000e+00,4.50000000e+00,2.29813200e+04,0.00000000e+00,1.58300632e+06,1.90302363e+02,5.24861419e+02,5.74997562e+02,5.24802357e+02,-Inf,1.42748363e+03,1.00638434e+03,1.00424370e+03,1.42652624e+03,1.00946037e+03,1.05959651e+03,2.87116975e+00,1.38630637e+00,2.78584991e+00,NaN,8.71287245e+00,3.28558126e+00,2.29451359e+00,1.18435811e+01,-4.95315208e-01,-1.98017860e+00,3.46027261e+00,2.62532713e+00,3.41753626e+00,NaN,7.14631352e+00,2.75314051e+00,2.29573086e+00,7.16626984e+00,6.17298698e-01,-2.17646784e-01,1.62597739e+00,2.59467287e+00,1.78566724e+00,-1.59689846e-01,1.06175502e+03,-2.15850850e+00,6.51021606e-01,1.94365127e+00,3.63464446e+00,-1.93967610e-02,1.42556674e+03,6.78529050e+00,2.16371383e+00
"2024Q4",1.77365200e+06,1.91530000e+02,2.42640000e+04,4.97696970e+00,2.35865420e+04,3.16539000e+02,4.58000000e+00,4.50000000e+00,2.31133400e+04,0.00000000e+00,1.60960750e+06,1.91679811e+02,5.25582633e+02,5.75744646e+02,5.25504445e+02,-Inf,1.42915009e+03,1.00684316e+03,1.00481652e+03,1.43885513e+03,1.00967490e+03,1.05983692e+03,2.88485509e+00,2.98833522e+00,2.80835273e+00,NaN,6.66583603e+00,1.83528197e+00,2.29129120e+00,4.93155537e+01,8.58156943e-01,9.61637075e-01,2.79253030e+00,2.68338183e+00,2.82767966e+00,NaN,6.99079574e+00,2.37144610e+00,2.29829762e+00,7.27873643e+00,1.58268616e+00,1.47353769e+00,2.18443940e+00,1.89661817e+00,1.87470345e+00,3.09735950e-01,1.06267788e+03,-2.84096377e+00,9.53763622e-01,9.42854550e-01,3.69145818e+00,-2.62818952e-01,1.42728976e+03,6.89209703e+00,2.04731121e+00
"2025Q1",1.50280700e+06,1.94280000e+02,2.55850000e+04,5.14568965e+00,2.35482100e+04,3.19615000e+02,4.34000000e+00,4.50000000e+00,2.32432200e+04,0.00000000e+00,1.62688030e+06,1.93915581e+02,5.26742292e+02,5.76711715e+02,5.26930042e+02,-Inf,1.43021748e+03,1.00668051e+03,1.00537688e+03,1.42228453e+03,1.01497615e+03,1.06494558e+03,4.63863550e+00,3.86827589e+00,5.70238527e+00,NaN,4.26955735e+00,-6.50594423e-01,2.24141463e+00,-6.62824020e+01,2.12049887e+01,2.04346291e+01,3.16174691e+00,2.74078391e+00,3.16889260e+00,NaN,7.09576237e+00,1.99915606e+00,2.28501925e+00,6.69728874e+00,6.32443293e+00,5.90346993e+00,1.98394274e+00,1.59921609e+00,1.96699802e+00,1.69447266e-02,1.06361197e+03,1.33360406e+00,1.25318853e+00,3.46027568e-01,3.73635780e+00,-1.24066509e-02,1.42903407e+03,6.97724852e+00,1.31216759e+00
"2025Q2",1.64686700e+06,1.95612659e+02,2.63310000e+04,4.73580645e+00,2.37709760e+04,3.21500000e+02,4.37000000e+00,4.50000000e+00,2.33760700e+04,0.00000000e+00,1.67467987e+06,1.95698036e+02,5.27657284e+02,5.77299754e+02,5.27613647e+02,-Inf,1.43311326e+03,1.00762206e+03,1.00594681e+03,1.43143853e+03,1.01785022e+03,1.06749269e+03,3.65996917e+00,2.35215889e+00,2.73442274e+00,NaN,1.15831090e+01,3.76621264e+00,2.27974917e+00,3.66160009e+01,1.14962840e+01,1.01884737e+01,3.51365738e+00,2.64876909e+00,3.50775266e+00,NaN,7.80784371e+00,2.05912036e+00,2.27674215e+00,7.87318341e+00,8.26602862e+00,7.40114034e+00,1.22214907e+00,1.72123091e+00,2.06201132e+00,-8.39862243e-01,1.06455253e+03,2.94016226e+00,1.55003107e+00,1.71199836e-01,3.76224092e+00,6.52938160e-01,1.43079388e+03,7.03922912e+00,1.68936010e+00
"2025Q3",1.69689200e+06,1.96409213e+02,2.63695000e+04,5.27000000e+00,2.40185771e+04,3.24368000e+02,4.26000000e+00,4.50000000e+00,2.35101800e+04,0.00000000e+00,1.71235523e+06,1.96572504e+02,5.28103134e+02,5.78187867e+02,5.28020030e+02,-Inf,1.43533803e+03,1.00865829e+03,1.00651888e+03,1.43443089e+03,1.01799633e+03,1.06808106e+03,1.78340138e+00,3.55245202e+00,1.62553195e+00,NaN,8.89908951e+00,4.14489460e+00,2.28826772e+00,1.19694590e+01,5.84434787e-01,2.35348543e+00,3.24171528e+00,3.19030550e+00,3.21767317e+00,NaN,7.85439797e+00,2.27394870e+00,2.27518068e+00,7.90465289e+00,8.53596612e+00,8.48455634e+00,2.02828472e+00,1.06969450e+00,2.15921433e+00,-1.30929614e-01,1.06549564e+03,2.58542323e+00,1.84524229e+00,-7.75547796e-01,3.77244154e+00,1.28844319e+00,1.43256318e+03,7.07718229e+00,2.16245520e+00
"2025Q4",1.92370296e+06,1.98118632e+02,2.63000000e+04,7.43000000e+00,2.37368343e+04,3.25031000e+02,3.87000000e+00,4.50000000e+00,2.36446300e+04,0.00000000e+00,1.74480063e+06,1.98220186e+02,5.28937846e+02,5.78392056e+02,5.28886600e+02,-Inf,1.43721509e+03,1.00747833e+03,1.00708913e+03,1.44697625e+03,1.01773242e+03,1.06718663e+03,3.33884736e+00,8.16755468e-01,3.46627944e+00,NaN,7.50821974e+00,-4.71981877e+00,2.28100360e+00,5.01814442e+01,-1.05564002e+00,-3.57773192e+00,3.35521335e+00,2.64741057e+00,3.38215485e+00,NaN,8.06499390e+00,6.35173511e-01,2.27260878e+00,8.12112553e+00,8.05751688e+00,7.34971409e+00,4.07478665e+00,1.22258943e+00,2.25755312e+00,1.81723353e+00,1.06643922e+03,7.47412734e-01,2.13988020e+00,-9.17290769e-01,3.77431008e+00,1.48101519e+00,1.43433591e+03,7.09092075e+00,3.89958608e-01